{"rmse": 76.15238080943644, "mean": 61.1981845763538, "median": 44.53100250765776, "std": 45.32071609654854, "min": 10.104628109823373, "max": 213.18664385310817, "sse": 7596932.484858504}