{"rmse": 67.30764967506033, "mean": 52.252419952810925, "median": 41.464840549403355, "std": 42.4264577104398, "min": 2.537511358758635, "max": 131.02499973840955, "sse": 117788.3123242969}