{"rmse": 65.42324708963393, "mean": 51.078944290787376, "median": 40.748268547493716, "std": 40.87961239896893, "min": 1.8912764871406578, "max": 134.7297901633679, "sse": 111285.23275353367}