{"rmse": 78.02131220156372, "mean": 63.71486973687856, "median": 47.2298487207725, "std": 45.030440060768555, "min": 8.269451284736812, "max": 223.7226982636432, "sse": 8053531.183576076}